{"text": " We're heading up to this hill, like close to Dodger Stadium, where you can see the whole LA skyline. It's like this really vertical hill, super high up, but it's going to be a cool place to fly the drone. I just want to get used to it again. It's kind of like an art, like joysticks and everything and having fun in a while and we're about to go on some production. So I want to make sure I'm warmed up and get some of the shots that I want to get. This is it, white and old drive. Let's get the drone up. We got to fly from somewhere flat. Oh, that's Dodger Stadium, you see it? Right there. You want to see? Pretty cool, huh? I'm sick of this. I'm sick of this. Oh, aircross disconnected.", "segments": [{"id": 0, "seek": 0, "start": 0.0, "end": 8.64, "text": " We're heading up to this hill, like close to Dodger Stadium, where you can see the whole", "tokens": [50364, 492, 434, 9864, 493, 281, 341, 10997, 11, 411, 1998, 281, 26904, 1321, 32976, 11, 689, 291, 393, 536, 264, 1379, 50796, 50796, 9855, 5443, 1889, 13, 50846, 50846, 467, 311, 411, 341, 534, 9429, 10997, 11, 1687, 1090, 493, 11, 457, 309, 311, 516, 281, 312, 257, 1627, 1081, 51080, 51080, 281, 3603, 264, 13852, 13, 51130, 51130, 286, 445, 528, 281, 483, 1143, 281, 309, 797, 13, 51234, 51234, 467, 311, 733, 295, 411, 364, 1523, 11, 411, 6258, 22789, 293, 1203, 293, 1419, 1019, 294, 257, 1339, 293, 51472, 51472, 321, 434, 466, 281, 352, 322, 512, 4265, 13, 51546, 51546, 407, 286, 528, 281, 652, 988, 286, 478, 38201, 493, 293, 483, 512, 295, 264, 8305, 300, 286, 528, 281, 483, 13, 51746, 51746], "temperature": 0.0, "avg_logprob": -0.23615191533015326, "compression_ratio": 1.635036496350365, "no_speech_prob": 0.03600967302918434}, {"id": 1, "seek": 0, "start": 8.64, "end": 9.64, "text": " LA skyline.", "tokens": [50364, 492, 434, 9864, 493, 281, 341, 10997, 11, 411, 1998, 281, 26904, 1321, 32976, 11, 689, 291, 393, 536, 264, 1379, 50796, 50796, 9855, 5443, 1889, 13, 50846, 50846, 467, 311, 411, 341, 534, 9429, 10997, 11, 1687, 1090, 493, 11, 457, 309, 311, 516, 281, 312, 257, 1627, 1081, 51080, 51080, 281, 3603, 264, 13852, 13, 51130, 51130, 286, 445, 528, 281, 483, 1143, 281, 309, 797, 13, 51234, 51234, 467, 311, 733, 295, 411, 364, 1523, 11, 411, 6258, 22789, 293, 1203, 293, 1419, 1019, 294, 257, 1339, 293, 51472, 51472, 321, 434, 466, 281, 352, 322, 512, 4265, 13, 51546, 51546, 407, 286, 528, 281, 652, 988, 286, 478, 38201, 493, 293, 483, 512, 295, 264, 8305, 300, 286, 528, 281, 483, 13, 51746, 51746], "temperature": 0.0, "avg_logprob": -0.23615191533015326, "compression_ratio": 1.635036496350365, "no_speech_prob": 0.03600967302918434}, {"id": 2, "seek": 0, "start": 9.64, "end": 14.32, "text": " It's like this really vertical hill, super high up, but it's going to be a cool place", "tokens": [50364, 492, 434, 9864, 493, 281, 341, 10997, 11, 411, 1998, 281, 26904, 1321, 32976, 11, 689, 291, 393, 536, 264, 1379, 50796, 50796, 9855, 5443, 1889, 13, 50846, 50846, 467, 311, 411, 341, 534, 9429, 10997, 11, 1687, 1090, 493, 11, 457, 309, 311, 516, 281, 312, 257, 1627, 1081, 51080, 51080, 281, 3603, 264, 13852, 13, 51130, 51130, 286, 445, 528, 281, 483, 1143, 281, 309, 797, 13, 51234, 51234, 467, 311, 733, 295, 411, 364, 1523, 11, 411, 6258, 22789, 293, 1203, 293, 1419, 1019, 294, 257, 1339, 293, 51472, 51472, 321, 434, 466, 281, 352, 322, 512, 4265, 13, 51546, 51546, 407, 286, 528, 281, 652, 988, 286, 478, 38201, 493, 293, 483, 512, 295, 264, 8305, 300, 286, 528, 281, 483, 13, 51746, 51746], "temperature": 0.0, "avg_logprob": -0.23615191533015326, "compression_ratio": 1.635036496350365, "no_speech_prob": 0.03600967302918434}, {"id": 3, "seek": 0, "start": 14.32, "end": 15.32, "text": " to fly the drone.", "tokens": [50364, 492, 434, 9864, 493, 281, 341, 10997, 11, 411, 1998, 281, 26904, 1321, 32976, 11, 689, 291, 393, 536, 264, 1379, 50796, 50796, 9855, 5443, 1889, 13, 50846, 50846, 467, 311, 411, 341, 534, 9429, 10997, 11, 1687, 1090, 493, 11, 457, 309, 311, 516, 281, 312, 257, 1627, 1081, 51080, 51080, 281, 3603, 264, 13852, 13, 51130, 51130, 286, 445, 528, 281, 483, 1143, 281, 309, 797, 13, 51234, 51234, 467, 311, 733, 295, 411, 364, 1523, 11, 411, 6258, 22789, 293, 1203, 293, 1419, 1019, 294, 257, 1339, 293, 51472, 51472, 321, 434, 466, 281, 352, 322, 512, 4265, 13, 51546, 51546, 407, 286, 528, 281, 652, 988, 286, 478, 38201, 493, 293, 483, 512, 295, 264, 8305, 300, 286, 528, 281, 483, 13, 51746, 51746], "temperature": 0.0, "avg_logprob": -0.23615191533015326, "compression_ratio": 1.635036496350365, "no_speech_prob": 0.03600967302918434}, {"id": 4, "seek": 0, "start": 15.32, "end": 17.400000000000002, "text": " I just want to get used to it again.", "tokens": [50364, 492, 434, 9864, 493, 281, 341, 10997, 11, 411, 1998, 281, 26904, 1321, 32976, 11, 689, 291, 393, 536, 264, 1379, 50796, 50796, 9855, 5443, 1889, 13, 50846, 50846, 467, 311, 411, 341, 534, 9429, 10997, 11, 1687, 1090, 493, 11, 457, 309, 311, 516, 281, 312, 257, 1627, 1081, 51080, 51080, 281, 3603, 264, 13852, 13, 51130, 51130, 286, 445, 528, 281, 483, 1143, 281, 309, 797, 13, 51234, 51234, 467, 311, 733, 295, 411, 364, 1523, 11, 411, 6258, 22789, 293, 1203, 293, 1419, 1019, 294, 257, 1339, 293, 51472, 51472, 321, 434, 466, 281, 352, 322, 512, 4265, 13, 51546, 51546, 407, 286, 528, 281, 652, 988, 286, 478, 38201, 493, 293, 483, 512, 295, 264, 8305, 300, 286, 528, 281, 483, 13, 51746, 51746], "temperature": 0.0, "avg_logprob": -0.23615191533015326, "compression_ratio": 1.635036496350365, "no_speech_prob": 0.03600967302918434}, {"id": 5, "seek": 0, "start": 17.400000000000002, "end": 22.16, "text": " It's kind of like an art, like joysticks and everything and having fun in a while and", "tokens": [50364, 492, 434, 9864, 493, 281, 341, 10997, 11, 411, 1998, 281, 26904, 1321, 32976, 11, 689, 291, 393, 536, 264, 1379, 50796, 50796, 9855, 5443, 1889, 13, 50846, 50846, 467, 311, 411, 341, 534, 9429, 10997, 11, 1687, 1090, 493, 11, 457, 309, 311, 516, 281, 312, 257, 1627, 1081, 51080, 51080, 281, 3603, 264, 13852, 13, 51130, 51130, 286, 445, 528, 281, 483, 1143, 281, 309, 797, 13, 51234, 51234, 467, 311, 733, 295, 411, 364, 1523, 11, 411, 6258, 22789, 293, 1203, 293, 1419, 1019, 294, 257, 1339, 293, 51472, 51472, 321, 434, 466, 281, 352, 322, 512, 4265, 13, 51546, 51546, 407, 286, 528, 281, 652, 988, 286, 478, 38201, 493, 293, 483, 512, 295, 264, 8305, 300, 286, 528, 281, 483, 13, 51746, 51746], "temperature": 0.0, "avg_logprob": -0.23615191533015326, "compression_ratio": 1.635036496350365, "no_speech_prob": 0.03600967302918434}, {"id": 6, "seek": 0, "start": 22.16, "end": 23.64, "text": " we're about to go on some production.", "tokens": [50364, 492, 434, 9864, 493, 281, 341, 10997, 11, 411, 1998, 281, 26904, 1321, 32976, 11, 689, 291, 393, 536, 264, 1379, 50796, 50796, 9855, 5443, 1889, 13, 50846, 50846, 467, 311, 411, 341, 534, 9429, 10997, 11, 1687, 1090, 493, 11, 457, 309, 311, 516, 281, 312, 257, 1627, 1081, 51080, 51080, 281, 3603, 264, 13852, 13, 51130, 51130, 286, 445, 528, 281, 483, 1143, 281, 309, 797, 13, 51234, 51234, 467, 311, 733, 295, 411, 364, 1523, 11, 411, 6258, 22789, 293, 1203, 293, 1419, 1019, 294, 257, 1339, 293, 51472, 51472, 321, 434, 466, 281, 352, 322, 512, 4265, 13, 51546, 51546, 407, 286, 528, 281, 652, 988, 286, 478, 38201, 493, 293, 483, 512, 295, 264, 8305, 300, 286, 528, 281, 483, 13, 51746, 51746], "temperature": 0.0, "avg_logprob": -0.23615191533015326, "compression_ratio": 1.635036496350365, "no_speech_prob": 0.03600967302918434}, {"id": 7, "seek": 0, "start": 23.64, "end": 27.64, "text": " So I want to make sure I'm warmed up and get some of the shots that I want to get.",